lat,lon,noise_db,green_cover,population_density,distance_to_road,EDI,priority_score
-6.287637964345791,106.72578096720899,65.67620435643751,0.9758652558191313,892.1613416941319,492.0551595182489,0.39129287446684724,2.868128720748217
-6.114785708077025,106.92563822666989,75.77174685708796,0.33689579177110685,262.2917981300627,333.95999940181355,0.4483085352450462,39.34421159342331
-6.180401817456579,106.82631309311196,87.05619597180026,0.18211791568869928,709.4221281497897,317.3356366269707,0.7465722817759134,158.67549173895546
-6.220402454740889,106.90661436652694,82.76336036923982,0.7896985071424791,1196.6968538529768,82.9774476478925,0.7209337877907381,248.02870722039765
-6.353194407867269,106.78001240025766,84.74549301311518,0.6587077755008761,1013.9702695060188,440.96387915232197,0.7154370622982543,66.35619109445238
-6.35320164389914,106.92388080712405,67.91027458855052,0.498195716453139,815.2194382310109,213.74484396030758,0.49036258841271685,129.3664414900342
-6.38257491634954,106.79730041968354,64.08316143793135,0.5553635509376312,506.2536207866117,81.11670289123968,0.3408388733335059,175.6651572505073
-6.140147156267519,106.70270941287008,70.99370463920282,0.7192017782722638,823.8958362916385,6.30375998787952,0.48469291634951217,2248.7439471119555
-6.219665496477037,106.92634549410482,72.44579929830955,0.22845474133129873,727.0414639116516,279.8778418191913,0.5712189189011772,144.6826036265948
-6.187578226661186,106.72282166919653,80.75353214776759,0.9963339160567419,626.0833838903715,263.69981106133815,0.48378449770382037,0.7002328466004991
-6.39382465171126,106.77982840939761,58.46028296228145,0.9747931621467831,330.7103767401995,359.67681118457926,0.1376226992858951,1.3511665388552887
-6.109027044351401,106.93751549176271,84.2364025556849,0.6503256863469369,1086.6042152404666,445.12902650890106,0.7330491797303894,71.74215984335203
-6.150267207759873,106.93765178673439,70.73593681136809,0.19954245092914513,649.7846488213224,39.70329232151476,0.5336902896245086,903.8957041345129
-6.3362982667965175,106.84335947203083,68.58495144042064,0.6802282424312913,394.62251182076506,365.7482451701812,0.3348695000003909,23.598410501197556
-6.3454525098378705,106.85795930304245,63.90316499791866,0.07219840897917584,567.7593508772895,93.70597204879111,0.45443997862762553,355.4384538639743
-6.34497864704397,106.81211138049458,58.76114662507385,0.030652502205806065,614.129752528927,429.088526578582,0.4164705570517151,81.33398217778597
-6.3087273271121385,106.77330269292452,78.58536467169532,0.2576828885112137,1027.5378955668743,409.53175693082807,0.7279338836661373,146.0098767493085
-6.242573070510328,106.78216613634248,72.58654373750723,0.4626229567393163,933.6143805614021,270.3968774927722,0.5880508318598089,134.18312840598725
-6.270416494407366,106.86812961401927,61.68031280207157,0.8682725054083805,969.3048936413398,355.12139931165575,0.38932477489896167,22.114918002085457
-6.312631257940588,106.88809363235943,61.63936982349107,0.727169069766308,211.0312644286472,157.1750565918742,0.1886265960039974,22.436783451210136
-6.216444131583286,106.89789476093146,69.31372240567897,0.742706521199981,616.1539981797615,235.58394946640732,0.39763594256197204,46.44639327213172
-6.358151841804387,106.89740453569864,85.35217220231515,0.42549333444807536,681.3441516353237,410.81844885523583,0.6691778313893486,81.12792798069242
-6.312356605439435,106.72280152576218,69.92326918909116,0.3459349925469629,219.1922768230567,229.63259858660695,0.36490838558889405,43.46575178145675
-6.290091447011893,106.82360507617565,59.974856375055154,0.3710387629846027,459.8132087450342,178.8991326627209,0.3157274530313648,96.41519202038346
-6.263179004734889,106.71438969000417,70.03405548731244,0.9876495637360578,960.289823122135,247.10622362514994,0.46056901652652654,3.34777485127411
-6.164447211582096,106.83738222058093,69.81821144201864,0.04010919141248248,337.1097057289991,414.1246262186092,0.4607297299680838,54.42310440261588
-6.340097865352492,106.81038262534335,50.42490685646743,0.8670314961224486,735.3101314525917,167.60402368543637,0.18703244681982711,29.241288262242225
-6.245729668475916,106.92192604568957,71.5656410678575,0.5786754085723934,415.2018720172375,86.8807965678719,0.39645355580092295,142.4579506341784
-6.222275629341387,106.78772875313803,70.15252375833057,0.43861541918959046,212.12077464389327,356.0070101653904,0.34682608763602896,23.399697331663173
-6.386064876184001,106.7292667541069,77.56965091850735,0.7252576604151365,441.20145759954147,412.9891063540409,0.4452254013695897,22.712526887851023
-6.2177365444295685,106.7357479205132,86.79164875956276,0.48666894142470285,1175.8737549100538,50.318739261766666,0.8228414888826555,1020.845923354584
-6.348842762893812,106.89037765792938,81.01252023638206,0.8734232380816606,1001.5371118829896,119.93705637797237,0.6247279931214323,84.92074145141301
-6.380484522104417,106.85455451582907,69.84889047556136,0.9007018640112585,1159.5766443210334,70.98599488049695,0.5359623067596703,111.72543549333105
-6.115334338824,106.7252806690307,63.14779273006664,0.4217209268734554,687.8540439263625,173.9707057910833,0.41149300031948366,143.55773654782683
-6.110310390077632,106.72102670152876,92.58687842599889,0.2768277972350516,309.7361986775035,225.17548945270633,0.6718944943561735,91.69329760182092
-6.1574807955650614,106.87524228286479,72.4737474721159,0.5923503285933622,747.9594889736929,374.41316848165326,0.5046692610270347,58.86218627856414
-6.308615869247989,106.71819075159105,72.11143433530357,0.912363345616691,654.3773345599609,325.57379244083705,0.407849841775676,12.66300686577079
-6.370698365798085,106.9054650148226,71.80699930311998,0.21066218900566658,1044.357082739616,310.4642837392156,0.6629661817732486,190.05112714723728
-6.194730092046353,106.87656055678913,73.58467808614284,0.6229665835634828,298.08258078424456,176.1874733048272,0.3759169691290905,46.67354844583902
-6.26795425187812,106.72033719516048,70.84511670460846,0.6315602200925206,688.2411370217782,420.72377654238,0.4596804371444642,42.597976993525315
-6.363388529546566,106.7212094285213,67.41070394495812,0.733113022415281,350.0486646939843,235.64358369908228,0.297024954738557,26.612761231135245
-6.251446926966619,106.9466598946253,67.62512847007686,0.1315676851272598,524.67592689006,489.55246900757726,0.4731618767483435,62.81303108779239
-6.389683443665435,106.79356769893903,71.73797383827201,0.7158249646820886,937.3570773877997,317.0710691478684,0.5283055651875758,60.07806315642088
-6.127203879376365,106.79266053676673,67.65260183092988,0.909032520665641,676.0181293687665,63.13237078225137,0.3627519280331328,64.87116727852181
-6.322366005519995,106.90319989181438,66.29723373858269,0.17968310887024197,575.8882851457693,338.088781037717,0.46335108848558826,92.36381972660908
-6.201243314693805,106.93681214434596,72.85144182153518,0.23754332492387764,594.4762785700353,162.5520077158495,0.534184138722919,201.89797922916958
-6.306486677173177,106.94650026595572,69.96018226063316,0.9713950940416396,659.4467684059866,343.1635983430487,0.37227694575452586,3.8344781479946333
-6.243979593646657,106.88834454631474,84.0319439086615,0.18097695270948977,985.0165438370569,34.82057408120287,0.7944172596010085,1892.5681020427978
-6.235986916197016,106.79406489638274,50.792241532855904,0.8543850933695791,1092.0846889402344,87.44071858797969,0.3014400159967446,91.32869900414792
-6.344543663342342,106.72087517917467,80.7320548153797,0.4922778564480348,1155.3346865039284,427.8686294528932,0.7444565661177053,110.42200883111556
-6.109124611670632,106.89428672898187,81.96868153998103,0.24723107440317704,986.9033862552951,113.58977851175744,0.7574643271650487,531.4206077544754
-6.167460152991666,106.83960106243396,55.412878140734804,0.8707499012725114,515.4068957480127,418.52056262147005,0.17848813179206444,8.799106289058262
-6.118150317530743,106.80605550231175,69.25849924735721,0.4453052550026655,888.1347060865421,139.63804422720523,0.538792668281771,242.60690163278622
-6.131551794871705,106.92658859627369,69.02847307203366,0.5148173539296902,637.6031240553918,321.4409550293538,0.4465879684435314,66.22679878278181
-6.220630006356674,106.72779937057653,60.73990644225743,0.3592333693997657,454.67062204605116,347.0752867549155,0.32552359330487224,50.83908312946084
-6.123437729493064,106.82315627607272,65.777466499273,0.5929508514349274,1040.8715794259226,256.3273765725265,0.5143203286148692,108.30166932928945
-6.373452249384425,106.70283841119186,63.11539323627337,0.16352387258502277,238.426348962325,152.65533834836563,0.3275511602680873,81.92103649676983
-6.341205141274257,106.81716516049853,86.01816354738898,0.3910815366517607,1101.7619921354235,106.32218818554806,0.8106516589572115,537.7093353040967
-6.386431813326839,106.71407581892046,79.48542714517968,0.9694123223352875,661.4774646247342,16.59467728121311,0.48499699335562824,91.40453949540627
-6.302400900771021,106.72970447906702,82.17244075995328,0.25813343270112754,837.2014768082804,151.9732006203619,0.7125309714456579,333.631170446982
-6.283396813093155,106.72938156169428,77.77337651234588,0.6567366645412922,859.3539222057827,326.5813952656415,0.5874547296316651,70.0343669640615
-6.318595290467831,106.86230257552901,62.967585830262166,0.3251900642246949,1095.1177407065363,469.15240922424135,0.5515701722804233,98.97389456623685
-6.151378747254421,106.88651121981636,67.80383786976181,0.7734731256866006,836.6696821672073,435.602241131526,0.4402194788411162,29.43351169488609
-6.292974001991923,106.84584219127429,75.91499648982334,0.13087366071834983,813.9335847600618,383.0323882676513,0.657724474488746,139.8400606305172
-6.315719647093786,106.94054313711864,62.22297752886443,0.9698210450785447,266.65204056068995,394.2236716266493,0.16343879342550294,1.2669426278523221
-6.2371911750525255,106.79371764488093,77.7039874413791,0.45378954138363925,718.408021945204,332.4924517379976,0.5849652029788366,91.42994988154616
-6.357722732507572,106.77142802157047,70.07739681473493,0.23605046334646396,350.16900081704165,130.1434287830015,0.4283003175056952,142.94658849862498
-6.159340905773788,106.91714978204737,69.00143353960323,0.07349674733001266,937.4337687214855,453.5975153529149,0.6254149171964289,131.8313192041
-6.377634806896069,106.75589895962986,77.68767974562793,0.16975790508754074,712.2219208126745,335.36615595291704,0.6400310355356034,136.5714574937206
-6.103933919019845,106.94080563486015,75.55410649188832,0.5197739485560177,880.2277792083534,280.22031549021995,0.5952653939160761,113.56700411933542
-6.168326569211002,106.70303861867245,69.11227067344736,0.3370031764312863,241.67290060238426,55.494734606740536,0.3639707352932468,196.0137743645859
-6.340385295539749,106.94246970667692,81.27463842691398,0.8288833658826095,284.7920160458032,223.5277719032127,0.4206835278674058,17.640261483221657
-6.39834336486292,106.71078997798764,63.35149337920082,0.43088752366180594,916.3233880626823,230.17913560096315,0.4809147134506062,142.90752554876835
-6.1553615714635495,106.92278577842453,76.92748485555411,0.2487142725876299,272.0843359986734,432.28180476133497,0.48254911840900766,36.29274022471422
-6.187942796845714,106.83192527727158,76.74481006374707,0.61714498660403,271.2567277652586,273.32411009389426,0.40606165368358116,29.053596016203667
-6.181297849587704,106.94824119902982,69.52362848548808,0.7067772168854458,212.10847523488746,190.20027448520483,0.28551649963795944,22.615159353747412
-6.168618895994216,106.71844914118385,74.60906417793694,0.16704190790094986,1156.5013982994801,488.4001642553297,0.7384084244052018,146.85772485664478
-6.377786604479773,106.83846357110033,61.991091388917575,0.16761921628831766,937.5083594590069,55.36029666315784,0.5242931984809773,858.3278543613816
-6.2924602814367185,106.94232563390477,79.39221615365521,0.03667142693354297,553.2514085020641,211.27421415597232,0.6388619310333209,199.332288780359
-6.365239282142461,106.83077446104254,70.52078290845608,0.7364020150656405,496.53558128765525,21.012337585702646,0.3769987093016913,419.3179187740583
-6.1410689722373215,106.85734965953382,67.81821583584768,0.6638045276218051,549.7032297458495,369.95206038346515,0.37593239276570267,33.786929185720645
-6.213010561951733,106.87393717224616,80.39207380669511,0.4746308757498139,974.6535311811818,459.03827609957534,0.6895487290447546,89.48166799888922
-6.300730592544205,106.81363526619195,66.36525047565793,0.8441704489691971,861.3706110704144,140.01866477524473,0.41657668671202497,63.16900104963935
-6.380932494914193,106.85688952002101,60.732309629091525,0.8056701529500532,385.19556786746796,429.17083839956047,0.21470644500299163,10.56816589054483
-6.306705303485302,106.84607857798078,59.54696661180877,0.5853543643967521,374.10933533408434,146.10911523094887,0.24177097864356084,62.790754770642906
-6.302445003391976,106.92528950262275,76.84807961076511,0.8682712805132586,298.39564971339735,455.3850808219576,0.36494993471672915,6.618728057946473
-6.181118146498581,106.71136159508536,61.75656518002974,0.20584121003676825,860.3027197013381,376.98095179839197,0.4905808109315285,111.62767051218405
-6.2087327585934355,106.77024079739806,86.03835345587491,0.11191961939772788,964.3726622217359,402.4533884207193,0.8256125435066232,182.63999630097044
-6.133836177227102,106.93760287101914,55.344564736930224,0.2697496115169896,465.046428325004,9.003277800227249,0.28337289048703995,1878.8874104574832
-6.258335522451415,106.92256594597274,85.5716509463203,0.05708685608931485,220.94496103091282,481.405178537013,0.6070467524831997,36.95504545051397
-6.36412172621851,106.81391418819643,73.68813973762094,0.531169528001032,282.17166747642733,363.3354960351616,0.3907951315666526,26.756256057046805
-6.186026563833101,106.85503314945039,71.22629510503685,0.9366056922949615,1167.8600348450304,152.37554769306666,0.5473925897180362,34.38153706845268
-6.171764485414931,106.76934529574528,67.6406473055284,0.03934354066850965,495.44477747742025,414.69733242942345,0.48307893576162286,77.44508834456282
-6.231616840729151,106.74703028993095,75.19308891481657,0.1221099140100268,969.2231478381336,140.76059920746496,0.6978355497480894,451.3217962992935
-6.168709846013631,106.815924601235,71.69892238060122,0.4521990282834353,824.6635688542638,436.37691978306395,0.5468922319451237,74.05533895643556
-6.251861321090683,106.78833805700651,80.82641505613218,0.9338750175279049,581.939639652896,56.29019520596851,0.48389249882105684,54.28958544259878
-6.243180151185402,106.84591402796272,72.91382118929631,0.3161561049767505,405.68726219555515,351.84298873039785,0.46219186027693543,57.329309745576616
-6.271737694492435,106.71943365924125,73.20241409169502,0.5072348086883924,321.38641815940645,270.34923832245516,0.4017342448109323,42.72325547011893
-6.392374261976772,106.94359870191654,69.09110230228916,0.0415728590503921,815.0129680388666,48.26723509772041,0.5959807819082729,1095.4373743756228
-6.367632571902009,106.9465526861199,71.54443501023147,0.14834320096208886,974.6337806377879,120.9469141294195,0.6514005974101282,486.9799953325906
-6.39057124429398,106.87454042850494,74.46241415113647,0.9866301229588469,843.9042535411306,6.202018138657395,0.4776218770262328,116.65503562631284
-6.209076876620866,106.83402409158603,58.318652858746994,0.9651186964360455,730.3021332491583,234.38398273225292,0.25837162951659737,6.311402135971921
-6.305693205677102,106.77738190407159,61.214516623154296,0.004939980934409616,241.95122343163627,150.6326303800002,0.3382139381882078,97.1938655544086
-6.247428792650589,106.90344875492674,77.94611275218172,0.951811785423239,1168.488777594384,299.1787421488794,0.6233319411395389,14.621095345202471
-6.127730057822172,106.87118279313847,73.36692350502354,0.6391199378155004,998.7141916545746,148.6189038543086,0.5813328629372704,176.73312212103113
-6.325212331255337,106.74065423483623,70.52813330917857,0.8679182945200221,492.82203670096476,149.95955575349234,0.349515974098202,30.411270735370444
-6.276885123089311,106.92773179612347,72.14747146452315,0.4547398556338591,1179.9703293588507,371.5965993658017,0.6587554389691069,124.58250798593583
-6.173334658437085,106.90563431073079,74.78065364289337,0.5155960285792502,801.8815896363221,24.071417989176723,0.5634159089493094,1158.5860556188295
-6.331360550352514,106.93744997832299,67.68192255752511,0.4888465802569202,782.4226582072465,451.44749759599364,0.47967757280033874,59.82699444053934
-6.376906027051362,106.88142987709709,65.7735621967815,0.6668642575461043,948.0731794295322,426.13193719559075,0.4714339290125056,48.63539077117844
-6.31307456412587,106.85335379898395,73.56676204078146,0.1396512547563129,1011.7697880901376,333.90234161320325,0.6880611989346512,191.21400329143765
-6.3516336138237985,106.80456075907266,64.17301777907974,0.029973589872677953,856.4786073315026,296.61078505369215,0.5531363458748063,179.14466357188277
-6.121090704297227,106.93318212083851,75.26602204571577,0.3079299415911909,328.09574636620005,446.1512490698261,0.4680407245081776,38.2203953856401
-6.157563886130674,106.91651597237511,58.37933116609727,0.7046807627366467,538.2675059944984,92.66508976435722,0.2535679138155721,99.07663837141806
-6.209978873046873,106.71130466752655,80.23324509860515,0.20185345212294836,1128.0836403260496,39.484581095414306,0.7887990092455116,1784.385348901648
-6.138561822943684,106.70659174362432,75.78077985930435,0.6734324333249173,424.6156118438519,119.75508495476905,0.4296686155331505,87.02071564549627
-6.158898376930265,106.79411584171952,74.048237874511,0.9699120461072704,572.1670238375134,397.2891393500951,0.3942065608332284,3.2006025211511537
-6.34402898233419,106.90263833269546,79.8615278715641,0.09390071578941839,632.076882944196,17.33513336324166,0.6566197982883133,2494.590337674555
-6.132232300453007,106.94681903232873,85.32379555570061,0.6726021182251263,639.4049896944522,291.40341754174483,0.6065053161230577,61.08570752567338
-6.238197327425305,106.73760422277589,80.11496052014505,0.44375021930457115,812.9395824945256,497.71875809565495,0.6437576409720134,72.64170722704912
-6.157767953450781,106.84853267883804,57.27300614934684,0.8681422543775054,1143.0758377447078,427.8480469187697,0.3900498977002877,20.129233305865263
-6.1311726100229516,106.79522271415776,61.763384266114386,0.1771497894473859,440.692711832505,260.72284452179474,0.369931806235668,85.57484196779018
-6.304598957508441,106.94247859945365,67.00145137843457,0.6926259522261645,321.5013763009181,31.82045464332117,0.2917616747344225,201.73890089525855
-6.366984422641697,106.91052973078394,72.20872840168667,0.8381152896481102,397.4704898599373,415.68675719285494,0.34647371646303804,11.150407041993367
-6.331619451237418,106.90958217617779,76.14127216375299,0.9446142194740232,1086.9249002092695,299.48925408860526,0.5790239167702446,15.254184732703566
-6.271867663412123,106.81717328994874,66.19404949477227,0.6832480282896458,845.8108126552061,57.466498529783415,0.4422414400253155,303.3223588385337
-6.154595570223252,106.80370487558442,73.49413411581662,0.4971747640084273,485.9067892391601,46.9286424116781,0.456776325177446,374.6515926807105
-6.141780825023097,106.76835176798268,65.95693654117342,0.6178472402012138,1015.9469389686172,454.8134097182962,0.5039041589015498,56.17995730240968
-6.397914360840643,106.71409387416273,67.10785757606442,0.8689049844787182,1061.369996363436,334.60013146903924,0.4806048443488191,27.823018060851812
-6.2467758092267305,106.91618059406376,60.74671122521422,0.5706097466388297,1046.514338690278,414.64339965837775,0.46151536517708247,65.67487390272662
-6.274776699055367,106.90322525228252,64.61413403111277,0.03038705969683686,1118.9265336395545,439.48945014113366,0.637346216695,159.14463127125597
-6.333367656858782,106.94992941832153,61.18652315506933,0.9309486955069778,452.24102017336156,285.8861760241611,0.21505046101626962,6.660211084356617
-6.364040389799896,106.94915920926847,64.19301397618133,0.6895267510315611,955.0419287462782,258.72317587752065,0.4504409247326931,73.28645039996535
-6.298715448578911,106.83885792640066,80.42913437286272,0.6765133857772465,660.53949727414,215.2137051604951,0.5546870427727949,79.48501882079779
-6.117127088826244,106.89224685379513,64.40480888934445,0.21567515239771717,1041.9985528900615,158.47329389555964,0.5744364168008073,330.0603994060632
-6.303039120393773,106.93619143247061,93.05905651869912,0.6588854702326572,928.4906771616132,217.29798042935587,0.7871308097387458,135.0164525980063
-6.24436281347699,106.91241184766936,75.94654320704711,0.3938644056541585,976.4474464997246,386.9398278650782,0.6541967997783591,115.86767820919454
-6.189094312331447,106.7618370254358,73.47868898955899,0.6512329770414921,856.1618376810715,300.96171550756577,0.5372325165649353,72.66090371165252
-6.2909111192862115,106.81263603382753,65.13313775855029,0.10659303030799072,377.4287694697069,446.26164497742303,0.4045689134381791,49.10488306674808
-6.1084653751837115,106.73228985378788,77.60247903527193,0.657845304603036,745.0269188969384,221.69000718959387,0.5507615609925688,88.83197845745747
-6.111265811517367,106.93851275681469,67.39489739009781,0.9994137257706666,1184.6697395245083,303.54478935937703,0.4948953365016979,0.15370002666444296
-6.324465311252391,106.85154365861273,72.97607851716289,0.04821203886055603,1137.3880664971189,315.65377654599433,0.7373932536188668,249.48516398953055
-6.250825448232284,106.75716070137587,92.48067630615036,0.9771741842213173,243.17373579701166,295.84858115316274,0.5097348739576322,1.729254817370158
-6.30973650705497,106.86792517110146,71.2315208022028,0.4069079607228706,364.8148157294371,351.31688654275814,0.411889384180789,43.74549342555751
-6.3145478516867595,106.85453206011448,81.19418661028541,0.8707534503372591,331.7287734545619,118.71673418740313,0.42546941118240544,29.078511758703915
-6.388933915793641,106.7895406795082,66.3745885989929,0.7823854840582735,925.9799099852955,256.1818887728953,0.44858952219226583,52.005692847454405
-6.217130699806031,106.72838939804991,71.7200920760243,0.5670162609866678,1017.785329856945,52.11240140417384,0.5822695539317277,595.076327020121
-6.249196293031342,106.86789329889821,86.16640508508408,0.7384492092513265,413.5113663106719,192.25566382240626,0.5350447933005829,48.22244567162303
-6.384556374625004,106.83007692522595,66.98426353769786,0.8785155613013479,705.852692951829,243.83353431063222,0.3700453508248592,23.46046481153699
-6.316406060729017,106.89307959793392,86.49958846397543,0.404140321651033,1040.7030280111999,326.11212977273624,0.7952640428104271,163.97899055462244
-6.127520234210004,106.830040875278,77.6620154836438,0.3270331615632387,932.8015447662506,475.26552629310174,0.674597988589087,102.36286459932387
-6.328131432799909,106.91304537507963,67.50026579284585,0.6675933855635847,742.2372054918483,300.32553327417793,0.4294844967371755,55.26904064928059
-6.356531538372633,106.83797670969362,77.05926191244417,0.8078459419412586,790.347690458773,371.7969580882799,0.5278868225033302,31.3920902429961
-6.2531641719167315,106.84023449288385,79.78043559701383,0.7622851347766157,708.36054691628,253.13302974760137,0.5442461643538925,52.86229261396553
-6.10430486376682,106.91916340066459,76.97447969773756,0.7978136488586345,497.5484513188206,317.0520156881657,0.4406404199524431,24.34645998981988
-6.32738341854655,106.8008707165531,59.43820224087635,0.435583314812933,765.0219928590161,35.46610806688671,0.3884638931562752,703.8012193510564
-6.198359335778236,106.73350380711267,66.18290259340105,0.8178342161750216,888.8853020500907,127.19579042092349,0.42802949337917795,83.59582297469022
-6.171514115401385,106.70719566907833,70.01985091558797,0.12020905537060844,1073.3229158608078,180.92654660256935,0.6689305017170967,363.4419011005284
-6.32870873680228,106.8887843139184,71.40453256719962,0.5444890979608495,836.2913539792481,236.2466775032568,0.5283845451578042,114.65210267035589
-6.181535095416442,106.85507738783836,76.96537678040542,0.0057586604981215705,961.121537043158,22.824372751191866,0.7395775718507656,3087.052747938746
-6.289665060184224,106.87601994202481,73.42160800746603,0.3245858299002703,360.071634954573,70.01204877665884,0.45270004272071646,251.449587540674
-6.210308250821926,106.75324104037723,61.31724513031919,0.3664615348713979,661.55747441979,138.4071538956529,0.3932106185765309,184.34787779905338
-6.209941086771732,106.7340928688967,75.0415828080477,0.3961726916092554,209.3316198270933,485.7663454505253,0.411858320250346,19.486283930395576
-6.239267594777573,106.70363616641697,76.88468596227058,0.6954672066898622,446.67886452162304,165.67350355152539,0.44483481078060294,62.74841349401966
-6.372913068983678,106.78764688970165,76.47832358344832,0.38855810127034573,926.4617151130049,241.02052905604125,0.6464313949631144,179.00651029876417
-6.149409251323228,106.84747942171366,80.64624580443697,0.44869362262253065,1191.8099513493635,98.04885636919647,0.7632116497141807,534.9765101847372
-6.303765980508479,106.79806101127494,78.67137723639124,0.23754413087432746,299.1780995872159,305.3900355378841,0.5134152996520325,58.571537861173304
-6.344044446880044,106.80936873050594,75.6734406338275,0.3732517916293401,601.4943158612882,140.34160775798716,0.5421028575269484,201.83574502365732
-6.387767457533571,106.92603967362344,71.43867430833082,0.22726962726315147,1000.0709686991595,103.4962892192134,0.6419557732008419,528.3130292174077
-6.2227321170435275,106.78706386675583,58.71231253187207,0.07319592376844364,404.03563462889883,258.2863142229895,0.3440051463791397,84.79245266605126
-6.196730691447315,106.82849737228996,75.43694575306068,0.6034485933813779,755.0849493022862,2.7528995802104106,0.5393368390500042,6018.83532737897
-6.395023651321644,106.89591325318528,73.66150149730488,0.6682127985550163,933.0712960296748,3.8320163246126637,0.5591474186832075,4719.398314237478
-6.246372082510216,106.79913569558032,74.172630697563,0.6194903460096145,815.985450260179,109.53440455092888,0.5396427427189049,208.35038209970205
-6.332051267440619,106.85552167505698,61.786011393437526,0.46349404380057235,388.02473461541615,18.360681250410572,0.29673234863620174,664.3600109977026
-6.206448162877165,106.91559092718668,63.3515476767339,0.3797857801792298,555.3845686857394,54.01287706534569,0.3823808526942238,396.669125561489
-6.347690071298503,106.93738015591441,80.42522282666323,0.8633336495718252,983.7917844853972,169.4303246693758,0.6145198285464312,63.446868247008254
-6.1927186785692605,106.73676837023227,71.68355876914676,0.519081785136218,754.2265141320166,401.29283978990645,0.5120266232936521,64.63239912731098
-6.283979396109839,106.93164690629038,77.452005578981,0.47918187762973097,205.22961354291274,286.02432168465043,0.4221962879496065,28.842977001746803
-6.1189810033789795,106.8230290732699,72.22654700904368,0.025642065806435688,960.9907600280939,256.33386297820823,0.6799638509343552,262.80743715620855
-6.358743716756202,106.76456109707475,72.23804911596596,0.34124782762615635,235.31135494023908,146.74441160406082,0.3978574366645754,75.79139330030554
-6.297680094684923,106.81478393905957,79.50627044780798,0.38019561878585706,945.7337827312322,465.8768597164082,0.6894339201479556,99.8211519098638
-6.365957943627824,106.94500814382137,67.87164217426101,0.3988227808969005,402.4805601652374,198.50752061859583,0.38546682898761875,82.31453130085164
-6.1225919145164305,106.82315452349822,72.76896621552787,0.5801723692273323,1158.0734801193803,43.54638339788575,0.6342170202852083,794.2201277303408
-6.1367981939857055,106.78218790257188,68.30179769035966,0.5336025467268785,567.9407513020844,308.5332580589006,0.413286827587522,58.4499329534543
-6.322617511685453,106.85835021357919,68.52403018054147,0.6079050927934446,526.931616338079,56.919196738300705,0.3885870549430359,244.4363704214394
-6.202004786189746,106.76003640469455,69.52662301225088,0.7648832615421283,348.88805033244466,172.61157140084603,0.3151005475543065,32.850509604190904
-6.154833339939635,106.71896583202717,73.7770701730697,0.8129857387160935,505.60421549021487,253.70596935890444,0.4025194770750837,27.388465057273343
-6.233439756520161,106.73221993047767,68.17001102669218,0.7181230762264944,1076.6507618282005,437.1112623425879,0.5279920756561909,47.22188529855961
-6.241104826493198,106.73201145973944,82.04604900458817,0.9555236959549347,1196.3343376272474,246.77329017005934,0.6790627621237882,17.619129307692717
-6.327444312729865,106.73797567337807,64.84314158224397,0.01823258267636163,568.3095305068483,351.1293830158321,0.4764827348729199,102.74373181975777
-6.37206916965823,106.73470679316236,70.50502684670913,0.1957779856835461,648.6106309545426,496.40841949953517,0.5313853972192545,73.93787587896195
-6.130835272614002,106.86021868620081,68.4821515338066,0.00756287497814212,922.070938202737,65.74455994899081,0.6279535852258202,938.9205799573499
-6.129874582851,106.74547002109979,83.57582307482986,0.647474714154603,1086.1957804650747,137.36576275975975,0.7257523425826214,231.28656467993707
-6.21006956281802,106.78641682083096,73.57243821209259,0.8980305489499869,793.0443341867841,197.2880377988232,0.46967024335376667,30.00448533825744
-6.29829106268539,106.92419710247651,80.25475631574908,0.24348229657629927,591.5256981778293,210.91408926941568,0.6189239987964612,169.47422658545938
-6.295237127616202,106.81849041006572,60.11551701570423,0.9270345447963066,612.6218408486237,205.5105376327729,0.2516269614383169,13.012302215955675
-6.182213296338928,106.86688943463027,74.13640212695407,0.06026739028956085,895.6181464968068,453.80550127827746,0.6756907126540272,137.19332397313815
-6.130866922014227,106.74307996780041,79.1170463649875,0.9344360268055143,203.2182636042787,357.01632223342824,0.34956021212966104,2.9443893552802956
-6.133874072720465,106.74807225470217,72.6582719142034,0.3516226872396344,819.5893374598406,303.9526070453519,0.5768405115675361,126.6125698965561
-6.166037336242713,106.71021715406663,80.52384300052282,0.10142082844921652,555.4930104413575,154.68635893139106,0.6397872272566093,258.1718447923772
-6.207390506153714,106.74223376576805,67.86169239919703,0.48587175918632564,994.1973312770842,411.8951921106474,0.5462274949442709,84.00959936377576
-6.374758010501486,106.76964758475799,83.27477952148465,0.25677656772050794,292.99063982313214,477.5302557424945,0.5616693791886994,37.89459146997551
-6.351511385771616,106.7442526210692,90.391184988954,0.28487290196192283,788.2022669483905,410.59914127511325,0.7887685142612021,123.78628642260749
-6.130433743441876,106.72217563343926,69.09729151648273,0.3072899649262866,680.9728898861238,0.7825525957364521,0.5022057848909836,18285.21086700087
-6.218071282102123,106.73015896777515,68.43597982879382,0.8030258978326634,842.3255259052274,318.2006850917035,0.4433947012955684,35.5721214334085
-6.3972408845150115,106.81519469200819,83.62707581694161,0.5391612766752545,264.85359448296833,25.56769072105036,0.5005277886229856,384.1916665171584
-6.369558537140191,106.75158342960145,84.6365771658457,0.31130769915600365,779.9837874281313,128.80361016686092,0.7134863193034213,350.2532094750733
-6.2009494692675835,106.79106746526202,67.81711978277386,0.6103337833109184,761.4845879595238,29.762350173885842,0.4505184969658049,654.1445124345003
-6.398481524846135,106.82585431771372,68.63850546323314,0.7161506742231936,760.660094416171,301.89772647469385,0.43862191079828233,48.92719349937733
-6.3517575845747505,106.87259870715734,69.74572312911594,0.27262400073353377,803.4876665964548,343.2949567463034,0.5537164397829297,118.3927482324849
-6.235379863190024,106.70982803496028,61.24439591172578,0.4135491015253515,876.4679372263622,57.24381903295256,0.4476751281498234,540.4856911654132
-6.192431440692192,106.89985259972727,64.65078442812641,0.12188609333694755,1004.9889996807698,191.91944152248973,0.5850259794802931,295.73993010119835
-6.20441162214922,106.85697509737273,63.96687386598346,0.18114934953468032,469.82072012821436,228.11825447777102,0.4037504608043885,107.40692900039893
-6.332719207161833,106.72043975798722,65.85761947916697,0.6811178539649828,1025.049410180062,184.5265108804583,0.4927590653656111,116.03127262066383
-6.186346233595739,106.91839465602669,71.72252090090575,0.18143834769562694,698.2556822634537,60.51250024259652,0.5635140651263186,666.4353717893536
-6.32882527375096,106.93021810013296,73.87371786029216,0.5251633836670602,277.05827913433114,209.4738950937377,0.3926379130299468,46.17501572942295
-6.302380090552219,106.71526948996372,84.40400394251262,0.7090462617224327,258.5509292439792,375.58902390420906,0.473573498943677,16.860305352079678
-6.176052578464593,106.7692194120368,64.01316767408967,0.10687692309474384,534.2383186960608,35.50383226662773,0.4386502802097002,836.7143250081701
-6.205110130285836,106.90155031994827,79.87457918781267,0.5673122196289035,984.8969771114675,40.090007040951726,0.6679285145446291,828.3956359152555
-6.145232976851746,106.88706492259591,70.28808924619592,0.25656278370136376,907.6809347409157,177.38564591799212,0.5947182095677257,265.88837116989504
-6.202716132309897,106.7461302548391,71.60429032278054,0.9629268752375798,988.6149646724065,470.86285580946253,0.4924953893580366,5.5617264654358936
-6.229507418999359,106.75233733083418,77.39855593733283,0.4835456467199247,717.2690564416093,334.28632336145705,0.5750555437592134,85.51278627516226
-6.371897569651573,106.79261802569785,63.018223827501615,0.8059925497751581,640.1989979554905,339.3349783362824,0.31832556594731326,22.998153579828557
-6.28968525908217,106.82113074629775,75.0592779694724,0.5502265421562618,347.45252670628395,180.9599954189325,0.4227229448520653,64.46407607992288
-6.320439289695482,106.85456369288258,73.33161766570444,0.043412532854819164,528.1927536093115,296.8303956042692,0.5588750183978193,124.40544024089556
-6.326803106986275,106.79222840989245,75.9396101120652,0.6331513755940223,634.0193661738753,5.065592013871689,0.5027609169054349,2911.954510766713
-6.108096833574266,106.81563367903328,74.31334915126254,0.951403342206657,288.60042967961726,318.0480232047711,0.3155516532306253,3.266736851030999
-6.282070682599972,106.88686773453344,91.64240111928716,0.6016118201463312,420.61195271121125,456.64347378811834,0.6289257257708583,33.554999804435894
-6.132386033446866,106.70917080072265,66.89808012598947,0.8191888594267902,798.2252940637388,306.2867341724096,0.408813312528412,31.421036980375654
-6.2106584122008215,106.76310923608601,67.75202435998546,0.8842064633484078,935.6631142391899,436.84929673317254,0.44718547977252926,16.764918527570398
-6.161556608937505,106.87833739647114,67.01487578860188,0.22807977194893247,1198.3475113929496,361.9865277330469,0.6496860232943389,170.77956794978564
-6.249208872068443,106.92380170942181,67.55618304671796,0.21204483990822665,1133.1133313435575,60.27920820184512,0.6395930709441443,984.2984739632141
-6.226928834612092,106.82791936052892,66.90090298154786,0.6109809888509917,842.5651995351915,451.22665364292084,0.46408647232885736,48.489774805208086
-6.252244691854341,106.83302837131633,81.51213224886041,0.4110284698067047,621.248053294072,33.22192217788744,0.6089350171912756,871.5196783689548
-6.341427103660587,106.72679300283495,83.36403398391884,0.8398613028667203,836.1773647082327,266.9837362738819,0.6092047651930569,41.654793131778106
-6.1832643654215484,106.81185309170587,67.43402965000419,0.9000231233980112,985.651618080232,71.06856189672884,0.45534517969518684,92.20537969000614
-6.3157682912677435,106.83315431661376,65.34115541516617,0.3534213793027181,318.33619092338733,5.853305365452033,0.33955394272776535,1962.4295839356175
-6.392705210070564,106.76061762590868,75.77132445109123,0.23687055897448206,609.9048896962883,211.0171300638195,0.5732141500948414,166.33906309488964
-6.2063583112278495,106.76731080773735,67.58221564575223,0.7805255152438618,1039.8022856356172,147.5203538270781,0.4974401031244488,103.8439636445455
-6.346866796177886,106.79432104077615,77.06345454204408,0.2748060355481361,583.832951933044,243.00024689880152,0.5728787271779877,133.72142368226034
-6.117862424694126,106.70501779944443,73.6233841668104,0.8226143185136784,771.8722712271865,288.5999433672754,0.4790520772830048,34.80817903868999
-6.113821426899223,106.7805197913958,59.874047080022144,0.42373825364876283,787.7693608621983,21.86953615447368,0.40281513427094723,1188.5025964613212
-6.125540682933865,106.75286200174914,84.38004161064049,0.6675498992914705,384.4762531336394,61.501647561872815,0.5196003705553053,172.56163998639306
-6.288952389923367,106.78187433804449,86.36702138476417,0.09553531383466818,562.2354416522884,279.3211982252127,0.7115304733787209,156.67576894200474
-6.39536301504134,106.72994053295481,67.09769047612491,0.623859324676573,534.5112887419322,171.58367658632912,0.37093584183510775,78.16548681879702
-6.121504431223682,106.92263182018498,68.89838752051213,0.4517676787372291,226.1967085320648,364.58674377472397,0.33371634900555064,23.370582396577053
-6.271544755504806,106.84839811338851,74.28692312579923,0.5866084631754741,224.19176389135524,326.1458242959698,0.36918896729790995,21.045159648279697
-6.110003554286899,106.86977557978612,74.6756543198962,0.16801420774486342,1031.6970436757733,422.8021814949534,0.701369265902918,151.24601639885657
-6.110914006873224,106.89729280965184,77.26835418138265,0.7368737449441821,473.0708099728124,346.24641333461267,0.44896336230032663,27.698371083793663
-6.144097163359792,106.82461054973227,88.08163631013079,0.8627970775432285,718.0787662388154,214.96553869507406,0.6243156942981618,40.18244545429609
-6.311665332379125,106.72173007202186,70.58442218004761,0.21673980009077565,498.72557358877305,336.4833111972162,0.4829152561190164,81.70041451000564
-6.284470681419423,106.83427663545464,65.61362204369237,0.09571455552016173,1140.6792451153406,137.69058712770925,0.6424875511027517,487.9958243690941
-6.1446589985449425,106.84671027950522,60.965446175883784,0.023638586046336396,459.29675886577377,153.15674938910635,0.3970552211875761,177.34755313458535
-6.304923398453117,106.88635986854608,66.15255968046465,0.641971500443266,629.6568127389351,394.49257996039665,0.3848924447385898,37.707680491244886
-6.349152175994172,106.80791488655743,71.73498421700963,0.6070940360887808,1072.7302504846018,223.2097582007911,0.5909482632271165,134.85145772607666
-6.232959621262495,106.73189507569889,86.3564629081423,0.54669741271407,1041.9335667918085,399.1901702591762,0.7652866243471734,101.91935251461085
-6.119153567751765,106.77094397644969,67.85910960771062,0.23194709611597542,386.1014178462773,411.2111868341392,0.4139426588977233,48.818104766816
-6.191191060997508,106.79077057409967,73.79030361311119,0.39090599590551467,1002.6433097957104,428.7811688306419,0.6374012891570316,104.85344386851492
-6.228981648973191,106.8614793103329,71.86861683141798,0.594476335186173,658.1868867378927,458.31761792060365,0.4700813128389609,41.7629926020947
-6.37084705186877,106.84269457616723,81.50714618758467,0.4967668588591694,682.9688720853552,215.4926102566481,0.6102404504913554,129.39656729459855
-6.215497831990249,106.78902418147446,92.21545940698897,0.9877855202148873,333.4799724159438,159.43340916056943,0.5317149070393299,2.3412816104181737
-6.102983844968721,106.94662881219824,67.75304981663743,0.13643975255673313,280.6015137571246,291.09937329705696,0.40010155272449804,56.20576661035901
-6.357974795429043,106.85144370483923,68.08448445985422,0.6951445540475938,927.9393069737652,185.5862117188138,0.4867784883265397,103.224344887306
-6.244501104290879,106.75930669793401,80.35328701655257,0.4043187681042921,696.4611523552998,300.5370834001165,0.6193682104288274,110.55381439012675
-6.136788078421613,106.7254456181551,77.45513191701049,0.42819961492561476,636.8507026151796,352.7929313219123,0.56260617606339,79.72290622841878
-6.1777694146737385,106.73821478479609,86.77365860588827,0.7175977656581762,929.5082286523967,344.2025092460684,0.7019166729405898,65.98349755107765
-6.1908952777014195,106.76148943209613,76.67142548260772,0.6924361513243696,965.5128989911098,187.2764435100607,0.5993553929079132,120.92912730252955
-6.189254774803867,106.74017034331489,69.12566327370352,0.9912559937021883,358.9081676693536,83.43010084937642,0.2678928299360389,2.569424180337027
-6.292152654634074,106.74664175601283,76.72523864553847,0.12839428945412523,810.2251494776413,215.26466923110377,0.6666073954328516,250.54079962568784
-6.3119224467206525,106.77127379217346,80.86962864466327,0.10410964938416634,335.3540822776855,71.29707204095436,0.576936815281873,336.06493147276643
-6.1571916533564455,106.7433433988237,78.56385744957892,0.7243388171287412,951.3750860290456,445.04851759190416,0.6108711512436499,46.19214057509108
-6.156965981596246,106.92419135615661,76.05819224885838,0.5783869170064091,856.9551562671395,172.9387303689287,0.5823734587254212,157.98719133578896
-6.139878304425968,106.72005843641541,80.53339751671324,0.27416066655980587,1156.614621083458,77.22987361166189,0.7863784869944921,864.2364314698335
-6.126027834233058,106.83112784739257,81.35436472356538,0.0794193689889866,268.9580163564212,12.72387995287544,0.5675708311136367,1467.7438651877383
-6.246597280341718,106.80259920674742,83.05727192830022,0.08565824959643054,257.05472115125434,322.91119314324214,0.5826988182241465,60.26786988653438
-6.24954511159384,106.94559465422715,77.18967910071714,0.8941908746641183,482.18707469320015,318.4511587273716,0.41915068396658345,12.328023588745012
-6.160511446309967,106.72800972554202,70.66305535746517,0.1918673247187429,461.70568373590595,170.30208329064584,0.47767925350748464,153.91383339140305
-6.20501082076667,106.79946389976143,73.17370949146658,0.32337156211552076,446.9787990719998,35.855944423825505,0.4762367311690977,600.4608525482602
-6.189409936822689,106.94236760831885,81.65207173206686,0.22665640222698802,1106.2545805210366,204.814447447616,0.7938696380592654,339.40554044098104
-6.16126219916917,106.9163767814735,65.46451463210211,0.3549963058319373,449.54619984950614,155.6087475316968,0.3802395939902087,121.206655775993
-6.13299839745473,106.90426801773732,74.94938647098321,0.06942384274609337,471.94972612863097,338.5603198675047,0.555661040979928,96.9390607645535
-6.298601452944539,106.76447570676123,68.85328950138111,0.5190597909082704,959.3982624179637,302.8896247263452,0.5406913261320588,104.54393344942042
-6.287325114208017,106.74272189684751,72.22995858347853,0.0676125635922149,649.73984245054,182.29686409877,0.5777308063443989,238.72518720002483
-6.37180541804774,106.86716080498111,82.22761490085838,0.8003565078223616,976.7105569551812,108.94627712749505,0.6461883747389331,145.83380415825368
-6.226515957701148,106.9323439972819,73.52879254415923,0.23371208191043302,265.3661575643853,494.0179830777959,0.44368210891127013,30.204661437370422
-6.389217317860978,106.83919072325348,72.37149238524918,0.5400119146045106,687.5711936733843,227.00081059805743,0.49579073520250383,100.39114172437048
-6.260320594560262,106.84290317236747,61.12115087216065,0.8800790875614583,233.61360018328264,344.13711789011853,0.15860499935563172,4.961270444268374
-6.2372066095877265,106.76999477341508,77.97002852821777,0.6508773690471942,262.6532034553545,70.27648378918039,0.41105297647713573,100.30951485281564
-6.314037624361514,106.89237323329799,77.1638734491286,0.5329577865513353,1106.437453344411,242.7948498296989,0.6796878818145065,163.5582659449214
-6.222750021829297,106.74676093713938,89.30603778644368,0.3243337531153756,339.24537111759514,13.768359934732743,0.6327599127599719,1386.1004607008747
-6.390849925018285,106.78091980910106,69.537774120376,0.33300191305819793,732.4206822752171,252.72755895522496,0.5177105441922173,133.8869756633872
-6.388795543375236,106.80635910965411,73.75320262131152,0.6694869551981901,611.0956026007066,482.00870355885115,0.46290112344733114,30.84066192926085
-6.153219831802103,106.82690259467111,73.99506946968604,0.9941393612211675,547.3433262588427,192.1033564929001,0.3812270694493235,1.2291863847641518
-6.291942807576621,106.76060243310377,84.6196262381078,0.6618391898493786,1099.8333456872724,19.498006287455794,0.7392161752325085,1535.35793863334
-6.361881846204435,106.7287092061848,71.23763574090438,0.5577834173700249,221.8233967754895,15.477895459671764,0.33851093392979353,424.08228351185244
-6.243327021983559,106.8526550106104,74.23217220616272,0.7306505102392461,863.789686175589,193.99337997343474,0.5323969169388818,88.57200446209065
-6.169001934070416,106.77215763831006,76.86317207773232,0.46520561228371815,1163.3944342135505,80.01246823159703,0.7069578127498937,590.3101654623711
-6.335253691750947,106.84530955535566,73.49287298525087,0.060142342600785215,760.168183461842,11.676048164092956,0.6273348716325162,4142.219578494309
-6.213132857254299,106.73859067881855,68.42853108359577,0.5622968158779098,1136.8224620330918,378.10680697508843,0.580502219305892,89.81481650882306
-6.37439576050187,106.8202850254637,73.55271994318646,0.9576252845053802,252.25787928602375,229.26150444094534,0.29442379809750646,3.414514294499333
-6.384495483649418,106.8331473581379,80.58905399887817,0.17530294235765964,618.7933190741614,144.62238598632726,0.6447765080104231,282.41514085023374
-6.240593610529555,106.71295588420561,63.78787760471152,0.6900048908206657,460.15779096205114,450.04159150824034,0.29640153426207283,20.17358965705195
-6.237809463516968,106.78415106954849,73.06375739317501,0.20093368865905648,930.8209649807297,58.06948010026281,0.6454340114026494,920.0000092505987
-6.208771029550538,106.73360366923475,66.39903348048661,0.5358276844730813,1181.2970904972467,477.9594144776596,0.5754318428560513,76.01536973448381
-6.182172599883201,106.71584374261819,81.56037303139874,0.09667644964671962,456.5300624442478,156.98335868867642,0.6230632771679518,212.90240858230482
-6.10724437616124,106.94749005809749,59.8145047617298,0.45037093625818514,854.1746014740745,444.20183615434064,0.4167797848137355,63.07625610402856
-6.245109895509642,106.78058846124368,67.5286252218273,0.7561633288952461,398.0976327597401,301.4714382397308,0.3082574638811989,21.671658705315753
-6.303113058117626,106.90246861146366,75.01769500051617,0.3475715242389821,765.3302545716099,413.35367987074375,0.5889684264221973,90.40122292427331
-6.161444141569389,106.76366016369094,84.52419223387473,0.664911724487218,663.9324866883362,492.00658160523216,0.606068708467719,38.14270279273574
-6.318750324621378,106.87037568055598,71.47399791141609,0.7954499607897292,1172.005329631537,144.20271890937286,0.5799352719864269,118.00556273468722
-6.2683085737883095,106.89005696497243,67.55840378645442,0.9271778194794527,808.5272726964665,480.5677427037965,0.39794529292904496,8.260005644988214
-6.376463085597321,106.84890968515197,87.04925655552472,0.23464208185545354,549.5063720868188,194.7409474512102,0.6877181466907085,187.03405631807811
-6.3923947769753635,106.81789404713754,60.415888796670046,0.39931591580930814,314.0957848879334,192.75595236846115,0.27128369064050234,58.830745101055854
-6.1112054755966225,106.80296022853682,54.409552347039345,0.15241601333041743,351.2468287349345,170.19355212725284,0.2616974997034581,94.61999143126377
-6.149205963846338,106.78721706663575,75.52011560042666,0.9924835021583752,425.3169299512351,270.7038036737926,0.3626582468465021,0.888577138101933
-6.19120773817189,106.93238228606197,67.98356620517912,0.9270009679242953,450.966661340298,77.07252158924355,0.29517381447491636,28.666011761497757
-6.277314116675719,106.90765485194693,63.8301374629543,0.5399571302805596,1050.6160578411377,276.8557426790056,0.5050779546644208,111.03214779037422
-6.348011703978747,106.94125672766663,77.66685157839483,0.8420332943764213,761.2227882825249,270.852406205002,0.5193567413822926,34.35420169177511
-6.353068887198674,106.73107430587139,73.95040571016959,0.5209579772720422,723.3909113743664,380.950906302435,0.5289382139208882,67.09338084472297
-6.324927130550622,106.88271686880091,67.48737095410617,0.6235856880027597,314.7688718692175,416.8249809687928,0.3093155343626031,19.13753567566521
-6.235232000588164,106.93458511420526,61.75756481063284,0.08912443211601662,1060.139693349435,220.22067515621202,0.5743101363302529,269.57933531665054
-6.185621223189981,106.74530826654141,78.97965862624116,0.7552704204968079,922.8143032084837,151.16662467574687,0.6009166669592217,117.2186259461413
-6.2019407869846805,106.7166240668417,77.20160942366928,0.12771348363523483,267.66836190000157,129.66744865854724,0.5087673264395803,137.94791576717842
-6.316019830916217,106.88528016232252,71.20659308976494,0.8260676302525284,907.8350972297686,97.31191835243597,0.49100269813330943,114.36718179983613
-6.113540415801041,106.84361827829498,86.77309596838133,0.7820280876703859,743.538217342646,28.82379109951244,0.6328883250773847,471.5481816189278
-6.178630924991269,106.91045719418958,63.43932186939078,0.7087446977429764,281.72534574677826,171.22398941735668,0.23475325291914884,30.224884352783416
-6.233693784246579,106.73494309415658,59.795798632602086,0.036160380524762115,658.3006415286565,135.12384606539163,0.4408130620247226,278.7183178167687
-6.216483776129694,106.89881682796498,66.46473544095005,0.3031283559453286,684.696287130047,483.2086929332037,0.47329142243274325,65.49519877391658
-6.274119981271663,106.75040683001194,71.63531186915601,0.26311256991084286,365.7745401632758,278.85441312502195,0.44583313768335997,68.99372883567369
-6.325680703149653,106.74091398571643,73.94671559458153,0.3601364074715191,1145.6981470002825,173.63851951525376,0.6885502645474051,310.4105397080107
-6.293208196404621,106.74106644948274,70.07011153714936,0.08764274676383854,1049.975371480662,290.233800496848,0.6690308519546178,230.480969689252
-6.172646166860689,106.90364368005785,74.81644317211438,0.9369578230310628,869.0223373291083,69.59835067284776,0.49933579228039277,58.05834396412563
-6.395681953411073,106.86629930517405,61.98768460647645,0.5538022407123763,662.2955610006072,222.02187460110144,0.3636194829617363,82.13668708799914
-6.365178207847926,106.83076635619229,83.55011683258607,0.30552431065802355,611.7655415845086,313.1171607105319,0.6511952752587361,113.00494727797926
-6.386199207393474,106.78970762103089,71.34279057285946,0.3969815170742834,850.9734671509542,244.44891589622569,0.5617521022110336,149.15424480687147
-6.387781359304309,106.91930013520329,80.93836665270501,0.44720254050483565,745.4318694069054,200.88940032716212,0.6323685492114206,165.20185235923222
-6.143361824796697,106.79811127685566,74.74180277102164,0.6005943333606173,262.2731058818856,496.9241944498491,0.38319125635680606,15.724191374924287
-6.188902642185993,106.9041498598679,75.65402575323027,0.5156794276964978,712.5026487703317,440.1573810744635,0.5466968476348548,59.17767427468564
-6.257747851273803,106.80978372714256,76.55813824185763,0.9193919732144173,1006.4036172328395,311.7029790797201,0.5647106525413859,19.861398448881257
-6.3706497518047,106.79423610735623,75.58166848013852,0.49696348290583026,659.2398775969581,284.6886805911414,0.5335552126253865,87.73369583156655
-6.252515237464951,106.8156699464174,77.14178207894035,0.9921580148233127,251.95657755426842,310.33023991229203,0.3294794401467549,0.4895759537484611
-6.25795846876583,106.77534446854104,82.63322024105945,0.8514249577450957,986.2781993840331,100.65605391121663,0.6435590821149669,119.11507444399739
-6.348039439026996,106.88690234504406,73.57216935761176,0.2085105143573358,401.36378213597436,197.5688716321593,0.49025812425344506,117.7025100391558
-6.269844505228608,106.82568009752312,77.6720300607081,0.9305952146439163,458.62083488803876,19.72976644544966,0.41038174186682724,119.26511825023879
-6.280448579680788,106.7580531737867,71.28211444570219,0.11636639788547609,364.7063534322959,237.77301874341333,0.47088125107720546,96.2079310384444
-6.215244970584335,106.92489364331864,83.52093772359578,0.8174497084911916,530.2150648714976,271.51229197883157,0.52331415204974,29.664966289701027
-6.209471904739707,106.79597280534331,66.58886158352584,0.3806232934765801,956.751505688635,113.87486805160479,0.5411780656643802,343.5030419629754
-6.386408797068387,106.8358882152785,86.40752346328652,0.8779743204450695,719.3858595039374,482.0144235827569,0.6020239521912529,15.703794017269328
-6.287616215612059,106.92661802774114,71.67873639484526,0.8680566901074503,404.88127415071256,454.727305468621,0.3364706959984063,8.4023420167859
-6.212242025285729,106.8560594989785,60.55379918305562,0.8059254001176211,1077.8300781520409,361.0716177279529,0.42136899929767396,34.983713864741205
-6.249059122425973,106.72922451017709,73.02483531928631,0.7900304363070614,1079.5818549515293,266.6933143826813,0.5713501821868021,61.83651190075167
-6.1430530476435035,106.93495803090337,66.55158674020095,0.3046791390980408,1070.578425046007,434.98457982384247,0.590329369328938,113.62948321922781
-6.202391910514317,106.85692701326786,78.7251483919098,0.08091928305125218,438.79621138153925,65.32617191173145,0.5876353979544571,478.67977609306695
-6.351119671875571,106.78372640366428,66.77900816558088,0.40298017876516146,651.2393441809882,395.25489713744247,0.4468095653702785,65.523140112114
-6.378829375779872,106.73481801816585,68.43053253428177,0.17352451498650867,1184.989656140875,62.41040698342415,0.6732331165069736,1056.9000404666208
-6.207274216538106,106.89850629731758,56.88367415243575,0.6949510889024617,972.0124763099903,397.10533127470273,0.3687444560161023,42.36731725764013
-6.392046606837514,106.85501818898213,68.38154944600738,0.34609972653778553,227.16742122555982,137.8837841256785,0.34919870161639743,73.1383171007032
-6.224267325617961,106.83336527299409,52.60896538696835,0.9756102008599149,265.20459126049207,438.54529050909446,0.04908803443603429,0.7741861398258081
-6.1179309275725124,106.92347314576274,59.32877741211421,0.640972077345332,663.9313768123327,472.0210469126989,0.31539894877836594,29.897601828220566
-6.227357746637236,106.89714930280614,78.08331724915438,0.822480563634361,1109.2202058615603,74.39798470255782,0.6330834146379782,203.921116382469
-6.283549022138043,106.73791871993319,78.28640126920666,0.13252467274184843,738.7017979527142,231.33780253269677,0.6625235275105251,215.9199343880247
-6.207013534467294,106.77793051694889,75.40366049427972,0.8620144822726226,697.8125080342902,490.49368908134255,0.4696801038999139,14.772253125423084
-6.262524132852545,106.76212228495362,64.2641908549663,0.9227571905133943,305.4736999566306,241.7037179865733,0.2085460862236269,6.247762343544344
-6.23631496320522,106.88598657314317,71.61830915086416,0.4870619188189359,856.780104724294,431.77376125727255,0.5486176206413442,72.72729880321334
-6.117560557367042,106.70838310868395,71.97117968727545,0.6062529377509774,1022.1031606002255,294.3657610656599,0.5786249777792987,98.06420882028704
-6.284169208659768,106.84247242121783,62.73308248645966,0.7648098009029954,580.4200075075623,187.66495395980093,0.3052423620127891,45.39071126032416
-6.1116428308528254,106.89061467143517,84.0271864141372,0.17483862726041255,975.6118509253274,142.8917777629351,0.7927607348556384,470.1103365118847
-6.128394807413181,106.91919140919045,79.01889832460537,0.5025660764634424,1164.4766539008115,101.61154554304363,0.7250521373383283,446.0678541621323
-6.341262659563212,106.78552043717897,70.23228660936269,0.3986630277723131,403.76645912768913,380.8990956888486,0.4135715161509038,44.65152788497507
-6.37919160973745,106.90531432616801,72.21508671195625,0.1463739921622491,723.3296311947413,193.27025341151395,0.5839015673056518,229.5226371520339
-6.3697665995867725,106.7276579342388,73.66706246358042,0.36753442229153144,487.13795808457553,255.6377311003756,0.48524768303438537,88.43856974219163
-6.394533452304535,106.91161307293363,55.666121052605675,0.06817230938549357,992.8544190338393,246.16274000059096,0.4868009133262218,208.36709825434326
-6.371667111773222,106.731872165583,70.02258093983522,0.025811906949486985,777.5933658811575,288.63951461656563,0.598793752901276,183.13681927260066
-6.195097967975093,106.7993218226401,66.54412601601761,0.13516628915482276,834.5824175503037,432.78857281227613,0.5531875041070429,110.7218819860807
-6.378643405461932,106.8993238414449,63.98703992084067,0.9631151115891738,997.914159615894,490.3696717917147,0.40592821092743875,4.793197578474649
-6.304307310911872,106.7374793568372,69.75119765691237,0.549529535895017,595.9704726624549,203.79210428690848,0.4355319136513355,91.43859086629301
-6.146537406709164,106.75731284880817,86.38149221479618,0.96582216115322,1115.0900684070432,413.75946105315154,0.7033437701621159,7.937412414023447
-6.393018419279253,106.88056314209827,77.12674289013609,0.432497878330132,733.02886724614,382.26389732735885,0.5868851775828006,83.71352837595684
-6.155659455223319,106.88000913413651,67.43056808173762,0.3118161330852596,357.954822835348,286.76447572778665,0.38436897603021114,57.7234585433394
-6.31544356756798,106.86028690822133,76.58066225084927,0.5061418628402441,895.8991181688025,478.0235718059665,0.6147705003220589,70.73324068748559
-6.364550551713504,106.87348711111677,83.19484349268802,0.4395116886329101,993.2613504382545,100.23725776420139,0.7350912748268799,457.4947692916324
-6.190978850390755,106.8356811108369,79.39706946330215,0.10566468426174391,516.7616770675266,54.63210515481071,0.6140430189131229,659.5833108495335
-6.211317145966035,106.76294976472674,72.4770429593614,0.6408263146902062,1057.1792569987529,426.98098347771105,0.5881788182282022,64.30268944307993
-6.136758395941884,106.78642399837598,66.82450577835542,0.2160381825095996,1106.1432547657664,219.57490831687414,0.6220784563895355,262.7156439603437
-6.179478686858834,106.74539942920036,77.58578650890873,0.6195879548978296,476.90448737780895,423.4844271035302,0.4774293506672226,33.15935494539189
-6.158955720884546,106.9271126403334,75.147883083374,0.6502010923981534,1183.521472715222,446.54510259770746,0.6557044057761142,69.51436062246817
-6.315389628228608,106.84584794869153,79.16154576022186,0.1520248531286481,340.7115280487584,31.22879680953572,0.5488837594714258,709.6433307335332
-6.346768136866084,106.80021285419092,77.08137441345576,0.06134962711066816,402.01566840248995,441.73238149303035,0.5612052399391654,65.69843119553346
-6.174815574507742,106.81550145091104,80.39642172255468,0.7807615860684398,384.2248392380261,224.1595276847111,0.4500377665437856,30.077967085782838
-6.157949578219821,106.93682083490296,67.71811830751545,0.4598004237693202,1093.9897100078704,255.2162445021161,0.579871191919605,156.1944854736181
-6.102848457399798,106.73833785077902,82.5391525250746,0.05816379550547579,854.2925523249619,313.2962555466051,0.7622002436457358,211.30160678363188
-6.276214696926572,106.8465574580042,73.5807968375392,0.9948663171697671,352.1042832222729,463.1913033650434,0.31736401262035707,0.28652850161601023
-6.288394574262165,106.82647216972111,88.60208698100212,0.05778056099636664,640.3234183683489,9.558047214882015,0.7688765916633329,5063.045114555451
-6.1670761117774004,106.85286355885866,66.48649745528346,0.6950352288585532,815.2980250698021,238.42173415890855,0.4341019975264644,69.04559021226436
-6.297758937924095,106.70452754595522,85.887710425322,0.9836789252634136,283.4640849893833,343.86102121528035,0.44325271662467025,1.1522154930236956
-6.12077280231893,106.91803097723604,73.58328626770118,0.23918010421592562,1082.4163684073387,361.35347884911425,0.6895363143274744,167.2333758399827
-6.142476174447096,106.9330295706209,66.78865597108441,0.14224936868719618,1003.6035354415352,346.266215768554,0.6055853093243975,165.56304239808955
-6.2713017917874945,106.8412832958973,68.12891332756543,0.1213849394224289,705.2067735766382,67.21756470406093,0.5355423159720727,618.8000909287533
-6.174738679662551,106.87416270596923,69.43722153444544,0.30327514756759555,1167.1266152591704,149.69779418584062,0.6535597784856115,374.68362585880595
-6.173637137774595,106.93062484529433,75.39332757121534,0.10104581101064669,617.7609792750998,179.35776270850673,0.5984653875010187,232.14327428478217
